Номер1,Номер2,Номер3,Номер4,Номер5,Номер6,Номер7,Номер8,Номер9,Номер10,Номер11,Номер12,Номер13,Номер14,Номер15,Номер16,Номер17,Номер18,Номер19,Номер20,Номер21,Номер22,Номер23,Номер24,Номер25,Номер26,Номер27,Номер28,Номер29,Номер30,Номер31,Номер32,Номер33,Номер34,Номер35
0.593398113030387,0.554287248686247,0.085728590483227,0.852075412455596,0.235518210310333,0.47152676032465,0.860240304285905,0.898089280871321,0.115832790109913,0.970094169352984,0.673436197140417,0.848721364158259,0.383419224718288,0.500761149853513,0.317704210134524,0.013250274059472,0.38618999241726,0.892680261289287,0.892897892275457,0.861125790435176,0.404731730167105,0.927248719793258,0.909445949614656,0.330284409116094,0.700843670066821,0.926182718061013,0.211072130523222,0.317638725813137,0.140632485162993,0.784650457891806,0.951944529987002,0.884953511944165,0.950620952738189,0.434669149332262,0.528851130759247
0.477928800974778,0.375219376017238,0.068714931772063,0.498507942042826,0.077751818347466,0.181022387122369,0.886964540078206,0.712013644466257,0.659634708562543,0.013932077591939,0.678462472839352,0.568518314914828,0.887446371632717,0.256841787547958,0.010079250318578,0.764962660048815,0.17795760111165,0.554867152879551,0.373653147001406,0.799747357151406,0.557898812930498,0.123343977706488,0.237685499695185,0.679678116856423,0.842417188121559,0.964782392000845,0.68527505358705,0.213315037116501,0.054140588039664,0.405246209686411,0.228508700278354,0.290360058152439,0.261493705711463,0.302255798698677,0.11442662770978
0.672255250568658,0.932669241451156,0.570996771801655,0.668409940750753,0.810083068255086,0.71125774608037,0.765615717805962,0.612968768066654,0.844942159053011,0.948392763982467,0.217588106647605,0.341893414275042,0.21462036072938,0.718615390437254,0.477766342320905,0.352714293129327,0.535105991119632,0.436688358180469,0.254066832347017,0.805900074551817,0.179314923478072,0.61969914712056,0.677965985010197,0.025698885773275,0.741163696875951,0.796635797678941,0.220730992766891,0.14787701574414,0.187834757521838,0.691943011873632,0.565369043408472,0.354699088134886,0.19331721401178,0.629963058929578,0.949795268793329
0.72301777565395,0.578565372514096,0.321655918847757,0.272263300691562,0.946038230791593,0.743859790942128,0.736320906783667,0.185266070871917,0.257794310950154,0.441513501903295,0.54228334942395,0.865705164458364,0.52114150951692,0.828959798161907,0.588969209072014,0.195021838688551,0.735708890233976,0.197023897626921,0.158923022100383,0.450485051165642,0.811451519426974,0.293496580910042,0.844560950848579,0.931582117695402,0.009015927867529,0.425284360603617,0.364104355544999,0.473609025818454,0.044486654690912,0.329979015707786,0.759160997135395,0.192956382042899,0.528513862836654,0.761743052592402,0.389777238612618
0.093604259815529,0.56461760796914,0.983921492843639,0.282645077339279,0.108204010106132,0.027614430760507,0.250803902419688,0.138301582865648,0.097188737785223,0.618133206323549,0.644793390873485,0.970363851104238,0.574600020940215,0.34891539205026,0.725964852537403,0.18398177593655,0.735713928457458,0.728586044582975,0.17485935875426,0.12042874306102,0.02619314967,0.374933934228049,0.651937033442047,0.155413645008046,0.956866925685129,0.415394456503536,0.658513081536253,0.277499806903588,0.1187939424575,0.718062347044634,0.78870509416323,0.077335187836282,0.72117542596718,0.261101768965006,0.073875308552009
0.294913584052429,0.372049688934804,0.460354446118221,0.74336875921271,0.841738368552045,0.572109172417354,0.049532519020505,0.188938670332442,0.164714959561285,0.896676282179332,0.719497389894975,0.988732197684071,0.320938045686824,0.320397098688005,0.116337929693831,0.718936140446137,0.340376040418693,0.30093701814146,0.098975858405315,0.03507858893656,0.412456553092148,0.589871537787529,0.256845705930696,0.087686416300808,0.196475852143353,0.189317858730792,0.599705823467878,0.194802295623806,0.038470014972507,0.614103160422864,0.149664496304728,0.801825161962487,0.65570114328912,0.421803475396167,0.942255278946472
0.011856138686331,0.794371047371397,0.505067269411464,0.100236313028133,0.979409367229385,0.408113834381085,0.523868250315224,0.258733268730975,0.961868090770385,0.341689824558916,0.36531179227412,0.314566786034282,0.514117692683914,0.319614773842938,0.693398239086979,0.498477799937408,0.725316028086722,0.304207084014586,0.748154217561257,0.665211823544264,0.189618893862703,0.94111251172436,0.331592947391945,0.33306211256914,0.960672859164492,0.873138618462486,0.408952871835506,0.598363857880996,0.032966961589628,0.999071510358008,0.201317193287131,0.503417933381014,0.462659831398164,0.059733873150676,0.500890851799298
0.863939917725646,0.868933752318341,0.793149738374973,0.610286932977151,0.259383643003271,0.783890433730321,0.406919193617556,0.404762083438163,0.695265238901158,0.852125493160898,0.909269556810815,0.9646167082284,0.671060330556931,0.172057774276464,0.153408478879698,0.0999217881907,0.72763299069163,0.001429964439019,0.322272555099833,0.926338946056013,0.047729019308575,0.365382735962577,0.876914697970712,0.473114902691247,0.031933097571462,0.328049701695072,0.606871500885727,0.656878049276892,0.018768987924965,0.400822018155312,0.952201739930371,0.032995076201399,0.398679249640522,0.624146479464279,0.464230055213059
0.494021427185678,0.488025039187262,0.064389178965968,0.700915881277911,0.948756675032495,0.650583688824167,0.119191581616013,0.773694852784616,0.730989026220079,0.797543164191734,0.048487750427295,0.606984937332532,0.219574901208547,0.885837597422253,0.096036741256422,0.844667168845081,0.764580148335966,0.099348804165618,0.795595532068079,0.686940458207984,0.843267655247267,0.578140470634891,0.138756716135029,0.753115104193903,0.933586108563286,0.328031707077672,0.363516363154642,0.174447912663271,0.321606133989685,0.403956401200613,0.975995720095653,0.904899806290342,0.696048384582621,0.474907919063901,0.621762635994678
0.376692187994148,0.45668426494403,0.058603770686238,0.157200580812487,0.166263006926059,0.478527963794756,0.184152354576628,0.768453123613023,0.990581478721591,0.523684515749522,0.161144993362447,0.334170341859853,0.259343949336832,0.032221507564622,0.591522836224927,0.469380465400141,0.799872270598632,0.969720825344142,0.262688514889514,0.654360355257865,0.19854727910228,0.486392877351257,0.997253217103544,0.029843346645011,0.917406102853773,0.155455596494333,0.438747446470293,0.674403297933834,0.277320711653857,0.476220730745285,0.879169064836811,0.023603100265409,0.499006876382598,0.774938445634553,0.703868891400136
0.016773374613355,0.964166625609336,0.357031659398026,0.798210263403135,0.497641503775823,0.079832532660812,0.899819807793523,0.87336216459304,0.148639503558088,0.316654193552225,0.201811573738093,0.379615314826002,0.792562686677119,0.288382527610479,0.481126776977875,0.239623722560567,0.655109200587019,0.306479354790119,0.699573162662106,0.101617961692191,0.441497881802289,0.036935798229178,0.374908371056721,0.542237072623206,0.723080382836389,0.024904541642265,0.763282763785953,0.167114924738272,0.428331262332537,0.104371097567135,0.455120342186838,0.813531719743248,0.848398994921924,0.474680218716115,0.559710382540512
0.247500424213248,0.495909244337058,0.106602237843524,0.9925228220345,0.1978397378887,0.39134821784653,0.326440565356891,0.635613108710544,0.82726509721191,0.061382617568129,0.618519629123199,0.476906665924662,0.708296659169856,0.977555679283253,0.025290664595047,0.035270610831425,0.091181290187368,0.37233931112815,0.600756895240606,0.626403441601604,0.832116092175652,0.259395134883793,0.81359363410304,0.236895421242718,0.182367747882707,0.569489391173965,0.575928327995855,0.449898088846126,0.157194822369428,0.664052455050613,0.283901714999903,0.393420006477724,0.218592820222449,0.909834942023251,0.551320158808367
0.863217237944277,0.129463493527803,0.693943036181365,0.075227103438061,0.308670997277382,0.056340446576614,0.268076523496771,0.256513487816701,0.964118859066843,0.398108163693405,0.206987812396061,0.260628123125556,0.405544529354279,0.662706799130369,0.642922704183456,0.900324738597341,0.987217135529749,0.304625595555517,0.787995083839548,0.985019983883008,0.649841031289837,0.518727221156275,0.840325833248242,0.532056324583422,0.072808282038582,0.193059235922514,0.435589915526446,0.595675837869989,0.685513423764069,0.81381586241804,0.174516340651323,0.568303731514584,0.427774324749526,0.817898194166442,0.966351592617671
0.353771301803147,0.897794823738604,0.844823460686754,0.223850008104625,0.391464655152066,0.387365193183221,0.777876928245614,0.876429292927932,0.25517289529315,0.860826451620058,0.09158859322795,0.929023823502136,0.974520361521684,0.127312666542574,0.358917031895335,0.921160597831818,0.567921165197155,0.943796896813707,0.532539679345428,0.729717963798293,0.388824535592062,0.892488242572933,0.854932310425399,0.912144388694128,0.874809012177738,0.957062253008937,0.11241861889074,0.187824596654245,0.581039249180349,0.019418939639881,0.867395986703561,0.470621565957006,0.225905103337726,0.068956604838599,0.913094477526244
0.47969502590152,0.279225559648088,0.886432088857036,0.349219188326856,0.748577407553415,0.500969599371382,0.575023379686262,0.930798566665625,0.122888902538564,0.443719706930876,0.703161362369033,0.515329714754538,0.582188581531631,0.709440139693874,0.0447503041822,0.113499228837739,0.860008052684138,0.946032443785312,0.215244128646773,0.347273391927962,0.041101867899273,0.253634072686438,0.715047641976301,0.101057967125542,0.624726927661684,0.000774314426531,0.376857951663515,0.746047480733746,0.764713675351063,0.826757239022084,0.818884235468292,0.947416296866559,0.356584039141287,0.779215183695082,0.013435700234868
0.863995630874019,0.361887000947495,0.830039975873222,0.762359828926445,0.316606890639285,0.814142693628649,0.507732653268095,0.116915350965624,0.250341992396341,0.060835765487143,0.183669808322887,0.279042418105771,0.651739178499667,0.79194591489171,0.72898021350586,0.614575887305519,0.609742100998494,0.296744391840862,0.135545269601586,0.68561179633711,0.772140489019155,0.753037578741772,0.338826928889559,0.286021369697685,0.325399547312739,0.599951845670721,0.413614801699712,0.986577469056009,0.729869637303062,0.258285341280278,0.513710749617981,0.835449933862003,0.559428747026479,0.118091990418504,0.889184621549839
0.395134029571621,0.052237351421331,0.86886361551811,0.042826889748939,0.387886356218671,0.789823839904556,0.547025885294877,0.929859652036927,0.100786612881495,0.013263187415044,0.733990850245225,0.04281860587756,0.701694453419064,0.566609482337362,0.147150400319117,0.623392068403565,0.069566136455008,0.469430263401527,0.64754817631518,0.056377357468944,0.255126709343467,0.687602592090247,0.258868400189442,0.247166847534419,0.946717827861727,0.585590097726741,0.768869901245925,0.482565281225795,0.677720039655743,0.60809103972186,0.616392163864609,0.558493099437901,0.941875703765521,0.055395810100544,0.491176760082003
0.949224737938668,0.918830408042792,0.791174736249723,0.406940348152346,0.538851945105368,0.381919425531114,0.130356033603414,0.966471226188621,0.643811475324977,0.594500068127261,0.962823457941767,0.053010265334715,0.886810075232208,0.099409499100725,0.363807903130739,0.61953103710287,0.716465304224913,0.278943483580062,0.966973271318028,0.473742824921823,0.179987713380318,0.104328493644393,0.203300420259611,0.70841153684108,0.094610607831733,0.930523478760672,0.949176971538372,0.57525293940845,0.206848551845748,0.577416197674184,0.457037650849355,0.795413817913737,0.120843215797664,0.313116832849926,0.958033429446796
0.155665179544775,0.618745165421047,0.592553179107867,0.244697110430673,0.45923272667834,0.662788145549678,0.143366742043295,0.793221947401206,0.769680712856987,0.638697222391734,0.511945981538454,0.033117327343439,0.891889439620584,0.634806259780238,0.506141036154983,0.373066216806588,0.014012568350977,0.618001139399082,0.433922531673683,0.856869305888184,0.740446074103947,0.024061438131191,0.094600286163227,0.134749831776404,0.822886973648084,0.951737091671371,0.871654620492156,0.973618960799722,0.530849653811048,0.508980176797895,0.836300516345891,0.151199017239963,0.272907763224768,0.948997334821693,0.16409956199499
0.606279734555611,0.958161695188674,0.350895065090315,0.95815151074535,0.560431051574301,0.165246712894323,0.321036149781642,0.509892974218296,0.414654833968011,0.994338776026313,0.953883795246154,0.899707188001681,0.162200503480704,0.047710904198863,0.201730536436724,0.038378798162867,0.125598312640162,0.309598340596974,0.645216450437203,0.320356111674519,0.707876102874941,0.954866737375137,0.702386550970518,0.904840529219212,0.098343722241768,0.474477875139209,0.145392913648654,0.071089093983669,0.801952077455128,0.510251364318279,0.027097442790338,0.778230376898032,0.045691912469285,0.354593317891688,0.260556849119244
0.637999211213383,0.187574438102573,0.93939661032976,0.177554141204983,0.355115644435504,0.961033117192875,0.503922108302531,0.246226828015224,0.022975589000541,0.212081294100708,0.50063973919971,0.242444128866251,0.530389797907115,0.093631721383506,0.0458741780662,0.584314620081531,0.188853626027887,0.319224744439443,0.455692953292707,0.157386784377012,0.206647220126169,0.739959298374114,0.464425893052172,0.524503556802784,0.556561680644725,0.698655179604607,0.014346267651656,0.928734956395149,0.233817485434972,0.813782334061307,0.045034438180549,0.967267553929569,0.426382760246379,0.168847677323983,0.00363214504481
0.27480355758573,0.399561564003698,0.449159646086785,0.021666598161204,0.257207718792631,0.059736662229067,0.531383320346855,0.675737342630337,0.532626671837911,0.675196798984068,0.651518010128636,0.399899564348922,0.402951474675113,0.542855433744395,0.399514445338322,0.80325743559056,0.734237137072991,0.841854664484261,0.714868231479597,0.545334904782695,0.937627316692423,0.243735867844198,0.10050428136508,0.01959125337759,0.13257194271007,0.391764275776589,0.14903389462593,0.106523178390366,0.50837591562549,0.635065249960231,0.301258126926228,0.950390565624011,0.858076543883592,0.523597319726841,0.934117262511391
0.897627386312508,0.560980569727383,0.784263550611454,0.884572928228658,0.630386311423571,0.887504830119407,0.711335422512541,0.538646874257559,0.416896283626573,0.813136647561304,0.567056537400277,0.122545194276071,0.40189768858335,0.098559670786131,0.813442027319283,0.518754927394016,0.114028061225648,0.080046319334447,0.567707204843646,0.021318367995711,0.038138989262369,0.563200721953751,0.633208552755188,0.599382539755355,0.879504637055956,0.573367800331499,0.293910534736648,0.474399357169237,0.324244872123817,0.593717233335296,0.884166367018559,0.157298813241283,0.202650743717417,0.246389676034892,0.951757999789288
0.890054895439113,0.076306805988323,0.996516167142636,0.627577070646368,0.185013554066032,0.704142718034947,0.109728281879992,0.726366651353096,0.275801384373547,0.775486989708179,0.501804282790735,0.664561377038126,0.310387897688518,0.841330940102826,0.249876557973922,0.519981288918177,0.602997965826797,0.595957002648849,0.445949515811808,0.991576428334438,0.461228552131524,0.497678470999894,0.252940050024587,0.862189608105489,0.410378512301584,0.551950154008178,0.769478641774926,0.619848149906614,0.432316240365662,0.878468705702104,0.996371163556921,0.684120346450954,0.021572093565467,0.125639122185393,0.666433514088034
0.984524129111832,0.597702954881177,0.591517522739466,0.869865944733846,0.896560228411875,0.374363740534691,0.296473058079101,0.67001257971167,0.028542313967749,0.507076640936788,0.654102471076146,0.873783429788626,0.700759740519691,0.616087220475411,0.252997836312771,0.397983112330303,0.852212240363144,0.844868632360236,0.496464767296974,0.559135013781094,0.458398686299146,0.707214898140017,0.108257275076681,0.64308633246579,0.094610414843011,0.036182983897528,0.903157297513788,0.053186172752366,0.860474467688439,0.245044563053741,0.687498917872627,0.559319896057732,0.884107787971869,0.798987372304484,0.542044793809079
0.710115524970297,0.284317576697755,0.384718008009459,0.711008431007525,0.109245684390867,0.235383206220674,0.135099077717717,0.28307409694721,0.835383876825584,0.556366341002631,0.221872501434487,0.173594717855249,0.28417196956527,0.442845494671034,0.550334221719331,0.421171753102767,0.240418773956521,0.74351852019234,0.328542542823526,0.295105025836115,0.909894060073509,0.743888670378444,0.805833207683197,0.02491309131453,0.637987094695397,0.841746542827988,0.815278010288763,0.942127035953677,0.479790641626179,0.142430189850859,0.309064207871609,0.855071781417987,0.229534546322424,0.271665216268371,0.769057559044876
0.038138617648377,0.032441194857983,0.973945240550168,0.237474999355792,0.005889852982894,0.871865442563954,0.575001536664006,0.477366579115074,0.576064291686513,0.765523027877022,0.972598407384887,0.260464588791776,0.997779619240067,0.049612588707168,0.275711400312491,0.082896403639043,0.311457358759052,0.574371245231324,0.953073893083296,0.71585249696625,0.99154220182171,0.762243756296904,0.90494260122838,0.961416455326487,0.171342883463905,0.595799437812314,0.657946060099141,0.057845814759589,0.882199143742199,0.59120776746457,0.677104025359626,0.047006639756617,0.237368456678527,0.528611944160134,0.347165209899189
0.594212829884947,0.19055561397082,0.789041603741911,0.345156310620432,0.017944329307988,0.897960136916785,0.253978916262597,0.714991295924023,0.736851796212011,0.508458936034445,0.710254812963882,0.150747040009671,0.246310979155727,0.79427315905345,0.814221702794348,0.567542712527752,0.884924548031401,0.863399278702601,0.60158772733954,0.684545415817497,0.316702510397341,0.43423961291482,0.271939287646415,0.745999096563607,0.866843434798914,0.08157077920123,0.772177545773147,0.321711735201634,0.443823944783825,0.248851137485208,0.259223091806849,0.220508095702156,0.497819193027262,0.574896391944769,0.566925634125937
0.293572843962851,0.568995933652179,0.742154567166101,0.381773884582076,0.552552973626813,0.438526327646365,0.903113228014273,0.376227027376915,0.990214942898232,0.795980953408775,0.59969277387861,0.013287071757556,0.037242635857239,0.547321723611494,0.022132158733585,0.377041176164702,0.721106204954038,0.6375813637898,0.887409842935326,0.04005993308977,0.475366038568781,0.64846866162447,0.621471213492476,0.458637942858387,0.730453357391568,0.504507858731971,0.088082074287185,0.446729867788561,0.193076070658981,0.769417593316966,0.568123655064464,0.275104810359709,0.09009724283703,0.004559537225415,0.412297472572542
0.495309667562053,0.331681127881344,0.605730708979437,0.540112645331135,0.377141058151852,0.387446211538717,0.808344261006255,0.376820426578243,0.878636998199984,0.359378742775551,0.178936482170847,0.925348857456028,0.939541922032106,0.081783855818759,0.119413705193489,0.401585452827643,0.618690188750036,0.414996085404205,0.133862405346949,0.535802081250302,0.187409890325681,0.559784125973508,0.560091616009802,0.347104832886467,0.217984201141197,0.652182634374061,0.97673208931183,0.068489936709524,0.813185348672448,0.527848780834121,0.489450766243229,0.246166421759129,0.723564396011162,0.706559367779574,0.819481661511835
0.867232084455716,0.711622331385227,0.443336477479954,0.776078030475652,0.784883823086001,0.165063644022149,0.338983995765707,0.558298056945915,0.351422427622927,0.998458239625912,0.604239979036927,0.68980717287966,0.369780342048173,0.683078803452066,0.205312383458019,0.624800031384572,0.18445059229238,0.624648195024918,0.779148051205499,0.429379648384322,0.143892234514222,0.476055590662752,0.69708641948275,0.80109848031863,0.880153666221722,0.385766099622101,0.269430142066491,0.01005997574341,0.616722609984389,0.874444394807463,0.210165258248985,0.120287600504665,0.241046565069319,0.329306324644058,0.021755965106887
0.917702859733824,0.116823542354109,0.946485086530412,0.041706558107995,0.590822711126578,0.361247094533218,0.528593977296138,0.093905157642831,0.360447434075987,0.040330791102365,0.654578808708121,0.101898352131879,0.53709817089566,0.051574790008479,0.525364175388127,0.14278939155154,0.079414018285411,0.563187840542653,0.404452460251936,0.742729472691143,0.875662154406415,0.654244507237482,0.482390824018902,0.443452181355195,0.844022050821818,0.517942357315066,0.360042725818244,0.218420335431585,0.427821089163678,0.740417465505388,0.379156838186002,0.641995638798348,0.254357923166145,0.307619660650915,0.317102886615446
0.701948569216052,0.139726313557849,0.690644222545959,0.589185692847969,0.694849533849604,0.547130851483155,0.557713320905463,0.572844300628324,0.820092826464425,0.169510425855886,0.070323114977898,0.804259948199001,0.853283017145952,0.157174002380322,0.478116237548973,0.501731772233233,0.420749720277201,0.62880177491494,0.152888556969343,0.313577433723524,0.990663219867383,0.896028861546753,0.099580042005696,0.866350414331445,0.184144889685935,0.708471284728519,0.488749908107256,0.099247593395423,0.706436455448358,0.823202242072419,0.748168800841431,0.851001363209296,0.249032114322516,0.502012621475735,0.542088590124562
0.685861930742454,0.69184419712701,0.114656795134702,0.849939468339787,0.199921187982504,0.810226772435635,0.803508373146237,0.572075552878391,0.033042042187826,0.678533525632348,0.037892746095777,0.068047098882302,0.524447675800167,0.278157329317616,0.9846728895323,0.287993097728203,0.715862691554471,0.10794683563769,0.200129973581289,0.058318478629361,0.088531570097479,0.774021717310317,0.347535320144474,0.050709986002589,0.976646384568353,0.040213032722242,0.44062836923435,0.806880269555641,0.451614142733247,0.314798298257707,0.038976860949354,0.206364281225613,0.96209221274235,0.730898317014397,0.92823894734745
0.20465393532783,0.880169239068159,0.552045577261735,0.224594550820669,0.101281769107263,0.965741511784765,0.120612413154039,0.974913560380191,0.557285686414373,0.166569200741955,0.338504797231472,0.614657338609672,0.605885655905774,0.792000478024058,0.635499477594168,0.391079996817664,0.740079856341044,0.526648071689842,0.680721226109378,0.579642932326321,0.411467376750744,0.889123709654512,0.452971672298933,0.364644780957624,0.087148302418487,0.732841143301454,0.786892163010741,0.987381094582378,0.723866142347411,0.022917389504499,0.675042131844943,0.217087819163679,0.184667412854131,0.988126800544522,0.489973072337039
0.945739593930614,0.791572041278514,0.324181991591814,0.497521043400115,0.093808923290704,0.457787436813878,0.759432057800491,0.328518257661344,0.683418313347134,0.294040444975691,0.97135850519637,0.212957264636589,0.025632333417881,0.565925245679592,0.244715868647859,0.314844779299295,0.064336954860546,0.752714170718942,0.386066252635742,0.821921697359454,0.014694125566546,0.762370529946827,0.862303858474406,0.617212903639712,0.249024675435114,0.148012490154472,0.729030542971251,0.272869334948379,0.891485135959098,0.272219945992361,0.23901872843904,0.25220018007822,0.899643772112995,0.066317911116054,0.136341826552408
0.662581323604048,0.528209462251019,0.545592715791064,0.837460074787945,0.62832159140715,0.999893837251809,0.088059765883829,0.474251550007369,0.496080422331597,0.640391960881058,0.204237102978055,0.875080795323319,0.779792483299119,0.06261721674764,0.290294419239234,0.048269333073805,0.613482461462979,0.066927395207546,0.263589259707198,0.960997086706503,0.961887078305157,0.067639985616351,0.892301452564142,0.728163136876117,0.901921190629511,0.755887373871369,0.102089889328863,0.051807602724322,0.735266809595724,0.072212618569547,0.002784390350771,0.41416875240046,0.497860993261418,0.349564450867418,0.041088793269833
0.697243236945956,0.976870794122281,0.088221909778191,0.82750969871813,0.174269343631963,0.078954756956238,0.69249201359114,0.955426650472107,0.829598615799604,0.870984338498926,0.787862236412973,0.67616101536636,0.106462829081377,0.426372846703569,0.136165323149234,0.822374360244338,0.756091993379348,0.360140837232664,0.733053078138454,0.181173101508977,0.553878808359707,0.822513994324088,0.629561694893287,0.055473611580772,0.041772781880182,0.164353175118231,0.668916936665539,0.153754766793496,0.652799207644345,0.396139421382944,0.953236630894011,0.434142638415293,0.995618277046683,0.221429358686097,0.413242453885366
0.765002908938254,0.100516552898553,0.992849127740703,0.838828678756813,0.117846902147654,0.931461873145052,0.247346756557122,0.574915598576455,0.595682930823818,0.595685224620099,0.099129777854194,0.715225792246711,0.605301788988569,0.294558689172735,0.221642104172646,0.76874779331021,0.117196547101115,0.470025156226987,0.538751547094464,0.193868019911946,0.251552582415331,0.200870055405256,0.684728880238429,0.713588297691249,0.31811411977393,0.409264589818198,0.085947447963039,0.774785274966145,0.124287475928342,0.084036795350303,0.146874377782412,0.856872403011066,0.773648585704485,0.803457108458643,0.461830632922954
0.07629372413595,0.211447445586591,0.928812396662679,0.61974625988276,0.487448570046647,0.675894930011541,0.275724878938484,0.363815372059514,0.232840967688027,0.518114295278576,0.605430616811331,0.925042815592926,0.715196869118276,0.77590499377947,0.845820162555435,0.522271769370852,0.907752581529791,0.609675627937723,0.58966278979288,0.361677193516169,0.309261915441211,0.278720562900756,0.596965837307177,0.990986891140721,0.148946013886407,0.437379110366338,0.528127662097704,0.098051424670458,0.143106425376038,0.823724302769137,0.749260019289594,0.780667679687016,0.41037293580707,0.283031795420915,0.311304179490261
0.521896542844133,0.396208229317886,0.960378343293264,0.435194481790115,0.661241636775687,0.375415763915133,0.195625051017392,0.543361223497408,0.388058882504514,0.88516703218335,0.057094020931522,0.756266179276365,0.878008916067259,0.458462577725785,0.317972537040825,0.591549889496936,0.953299694030118,0.352600609003361,0.160143796289533,0.703794972510892,0.736895674967736,0.249950647345803,0.518570744593708,0.044488396323291,0.207905873756412,0.037999584270477,0.467824223870607,0.960324547671808,0.897255758359223,0.293577351928975,0.739404146756007,0.223895724642732,0.130558200295545,0.160551328021297,0.28112706594058
0.339093091409289,0.647745428508823,0.123897614919729,0.099731726197061,0.384859688576139,0.698551591341035,0.214157034654078,0.836781917902831,0.384600056657733,0.80690540629044,0.054425743436741,0.20362656166394,0.35899083790106,0.286643629951078,0.480683351324104,0.839000564094974,0.696663526376302,0.524905167049437,0.780240115022533,0.179979395717388,0.226336192745094,0.016217988304451,0.085822084688109,0.888905029903095,0.874330943056866,0.16519243806474,0.229572753002001,0.503093230873753,0.671782953468209,0.980494181917882,0.20596136962631,0.414714043269774,0.181924621222903,0.771846450326259,0.961378728021526
0.338352450724189,0.59837201234127,0.080900764484692,0.011207179631385,0.667558876381162,0.151711547714722,0.624061539660261,0.673614332868476,0.915544694639245,0.818304427329837,0.386029358541689,0.374793506291229,0.448231045785059,0.519941241426612,0.298342625268414,0.190993769328387,0.718673537427208,0.000143346681074,0.086111023508935,0.707367877922309,0.734635810588751,0.494526554186283,0.296025646733278,0.020989024227142,0.748100044239367,0.457899733511963,0.088292436536389,0.586238454372269,0.126885228844786,0.560825435493761,0.860364064724207,0.879271779542855,0.53092500712625,0.911852584605699,0.847074934974653
0.661103021832968,0.121131216374621,0.842986639565686,0.487092743006287,0.260064926673158,0.945383958421756,0.168850375989643,0.935710322122738,0.544042793852749,0.348060288300561,0.907681310488084,0.606700733845099,0.709043026614736,0.235641594026269,0.215217126393334,0.267977518987887,0.220073240085378,0.701957702338611,0.34992926132553,0.718693409058003,0.583596364679483,0.924448140776271,0.711811334210434,0.749425036932452,0.901164055757488,0.280202598602702,0.121741991419762,0.229040349781873,0.300431359335864,0.356129587428127,0.497959469248096,0.546044663540144,0.802472501848076,0.880276902389885,0.122072507027453
0.612728068596343,0.937729534652656,0.859231054635747,0.208867523376436,0.336790147994224,0.308209614801453,0.581185915118621,0.782111090076219,0.182933769015095,0.962514484257696,0.076844833865425,0.224166193110842,0.460190341927866,0.781171497881529,0.259645704743539,0.774927233866252,0.528743257882894,0.230144522581031,0.343313246310482,0.563563280361227,0.100951957888103,0.610305195605384,0.343910917829722,0.71888135226418,0.646029551590337,0.014979319908163,0.720626500842741,0.147081633868441,0.571157416279102,0.776638523664357,0.920009434610079,0.64824993436069,0.336417961903602,0.418362836361221,0.518995074867752
0.189461575070394,0.720864276577483,0.772169034582304,0.749649098721411,0.003452715099329,0.931714602820449,0.652864154698068,0.88142987554445,0.377924002717943,0.233930669997391,0.823313221317894,0.874221295326479,0.597068412137495,0.268833102270845,0.969388092107388,0.904463196920339,0.331315884856092,0.88026704676981,0.677191547501046,0.329457903188266,0.806636047158784,0.425946210765778,0.073998740250388,0.513482951910822,0.49272706047568,0.389820197472336,0.920576927054376,0.647824656918528,0.626740588903496,0.989961003928009,0.17375851974641,0.811475534289985,0.210888084680267,0.84518563692527,0.146529631731276
0.450925522111722,0.21925614345444,0.229265679438969,0.194895995678753,0.203714149596981,0.544968013559485,0.085027845431408,0.373773187316715,0.9415420649338,0.278869685821148,0.636672445551311,0.19678895934401,0.484979675379735,0.157517857567988,0.286110903418713,0.576808838787043,0.383195223544642,0.35611319959715,0.662436095213479,0.019255905650215,0.748535188397356,0.150177236493376,0.922731931434036,0.218228089181213,0.434940125410001,0.924139497637709,0.253963882130421,0.945123825379983,0.823788780930068,0.647068359194582,0.263371100834998,0.763031024321308,0.189020386019714,0.728464933559018,0.514426280502856
0.517949272610987,0.974271697269743,0.434949497221071,0.802331047936269,0.832649979447241,0.48507068465328,0.617340995492557,0.511223615692112,0.016799783740549,0.085329574212094,0.575762858573684,0.076780079276671,0.80814346744896,0.48706093283432,0.257307697348257,0.970877921586595,0.956806754240936,0.453300054860397,0.716854754063636,0.823380983313085,0.003630824711501,0.094328118581622,0.923810968338318,0.656129192161226,0.427580323235746,0.717469213287527,0.131897203218099,0.853757629175325,0.04563358277379,0.062562367517721,0.252183800289171,0.991488763204128,0.972719651616074,0.389887933379347,0.675958610217642
0.742918557330492,0.80303438288049,0.239681756573371,0.811066639338926,0.758215046727223,0.188800900476737,0.875683131071082,0.40119707200746,0.262909894600744,0.71423036558548,0.148646609720521,0.468480779407939,0.535485805453803,0.150159973496701,0.123745672430525,0.075169424132025,0.729731586983488,0.773330697772595,0.542747368694035,0.92088172027341,0.267802803419001,0.06184106422217,0.593788240937671,0.637630243363794,0.661315125473065,0.951276867480822,0.837395071226077,0.854320907461097,0.268814282477785,0.472013441022775,0.260965392202581,0.528659507170157,0.078343216336906,0.467699466030997,0.56227315490974
0.659007770209753,0.669464811076304,0.723511230524294,0.547461646714487,0.280657427601598,0.014948187647895,0.78184374232556,0.663983547186374,0.839328020564532,0.442085680579477,0.217490750844123,0.560536195359117,0.152272336955075,0.808852089364293,0.980367487808022,0.551645228126144,0.732416654174926,0.240210741781493,0.416635881204808,0.931832873991865,0.28853597084196,0.774356703525992,0.634106173886976,0.623488495774458,0.88909998462107,0.864670523601965,0.027372776856194,0.207470413785932,0.594087137334643,0.616373233111154,0.9055222129489,0.822020060812948,0.821271775404138,0.978959510708208,0.908429724201963
0.183075116274608,0.385948307188204,0.333689869024619,0.961355351552808,0.445590073648828,0.863719991195085,0.344135157447787,0.112671338814082,0.570212166945197,0.212331419749933,0.195166627535387,0.103996143902037,0.476650090853173,0.042490188194323,0.750049610221835,0.832232260815212,0.606987758412888,0.872964573611547,0.35253924566526,0.54041756375071,0.868488608493453,0.651433372975271,0.52624640997738,0.440394065003123,0.097353649799855,0.226044688686408,0.406888441573507,0.598656242127244,0.716841744733104,0.687594812804815,0.229841649445614,0.917562131425745,0.335930470536341,0.174779136708003,0.143581253504299
0.489608366404547,0.466793008262015,0.360714791516832,0.686822407032033,0.000408553674882,0.690564595674778,0.755333201155941,0.122583905997542,0.286408255644653,0.499136757875248,0.815640132094521,0.529985027871085,0.445605376676606,0.085831485398694,0.920002394264351,0.450294283441077,0.323337079166657,0.422278258258351,0.429647064234558,0.441192471438687,0.911110499148695,0.971258719450303,0.252508570380564,0.934914091579493,0.217385072207345,0.944128682963624,0.740140454266265,0.819886347644231,0.584749133215988,0.979215879596818,0.401410627608427,0.223390763574519,0.601741436229122,0.085791038604159,0.874415114248311
0.398322951147625,0.089181832079783,0.475289290734684,0.10731189246545,0.564303964417887,0.874998081385592,0.220889919329431,0.486925509450905,0.42652346608812,0.049740131820222,0.63149516216384,0.525995574488797,0.305540276360452,0.286110225963284,0.082993623953254,0.93302106667491,0.1115559238858,0.954409119827272,0.174459148195196,0.896764492162566,0.143116530751684,0.550213391962913,0.813702759596731,0.859749557005107,0.68148826722231,0.40874378952035,0.278311049650275,0.958179500963002,0.072656640078655,0.724465860022633,0.220775042896772,0.163528761936873,0.388418358115821,0.565453344602563,0.805562031492719
0.593695345071067,0.663466267085334,0.817249090054681,0.84483137252695,0.883934901325512,0.443955472635358,0.660035788459737,0.963531426732768,0.928144339809307,0.609153037266322,0.851149622132265,0.113979439309167,0.309052539999471,0.895028149380991,0.991532848127656,0.498331386672196,0.183926353992806,0.853818207599203,0.11321269698553,0.19399561705431,0.6586995338515,0.310454750681378,0.903886495340118,0.61613372584101,0.803503006450677,0.5919357040593,0.388844688380292,0.753488354208451,0.300971387190189,0.697452012093578,0.488278584212867,0.690377299925013,0.697963755996175,0.920296718147231,0.106580317140354
0.761652445397657,0.543817094299798,0.302350001493652,0.576619080043406,0.234987911919149,0.342992740801392,0.312714205773634,0.457792613569889,0.121333189274147,0.505008346553548,0.812550178687504,0.843524497354406,0.293993336436426,0.984897516246391,0.512632303531154,0.385742293604637,0.528028154296194,0.415356256838297,0.982350970146883,0.211162382186572,0.778558917943403,0.964094325727624,0.466345938273843,0.407141269098744,0.358793120876078,0.110844194559938,0.103895357053186,0.697388490274713,0.881589437959313,0.316920863195943,0.210516712833486,0.202589852378143,0.113254792602327,0.26533969935791,0.31036473783989
0.927276948243682,0.174817220389049,0.574793748390373,0.38211217693592,0.677021708515243,0.723291727418618,0.313894588994303,0.015142145299706,0.463294803197203,0.112428643363402,0.677056309867737,0.780857961181897,0.723986681354683,0.684043736628302,0.142927582875838,0.980875579589652,0.975481785060919,0.725885110316111,0.10461053269423,0.752971055929846,0.292057701152601,0.845526810084794,0.087279596818514,0.582760168164154,0.880106690030414,0.72763989305974,0.279907906605917,0.985654595615017,0.039982582853855,0.767818996839837,0.257622589654416,0.550767053084692,0.305100308405546,0.38729739269472,0.151452268551739
0.056576743078211,0.190682018592312,0.444719750420862,0.145764532222225,0.799004574427051,0.245381535203257,0.848720468083824,0.664115476458633,0.075041389205327,0.390565737646862,0.757131856892055,0.335439895085798,0.833473154474573,0.295450032125909,0.281938626823343,0.221620485216643,0.339525097980611,0.801744874414018,0.700102293760225,0.81745996302785,0.07767894018461,0.17284389056426,0.620231377520234,0.103754512520024,0.64568113666778,0.931487377222258,0.573767195581665,0.307095060079001,0.617840813416088,0.568062076522852,0.007834841980673,0.32751461660243,0.394869760767597,0.93002157669241,0.758497804200241
0.448267109677654,0.812398721128093,0.797750310927345,0.597847253579665,0.14635572946173,0.030780245378807,0.577381181454373,0.444347988384303,0.019813629309379,0.745080028745021,0.541232468775744,0.386475021432043,0.477661880176331,0.218690074794659,0.209781305627687,0.548655959022739,0.738210389819992,0.998511633933364,0.156954980905321,0.87287748334445,0.034939936326665,0.604574442971318,0.855897569083474,0.853202113143918,0.842229806622685,0.318655011787616,0.270940604849732,0.623025493575329,0.279884994903145,0.033685360528304,0.324150948738738,0.022739009472293,0.367407240501604,0.382721406819209,0.072883776932732
0.195690484138832,0.357826447939865,0.05073724332957,0.447248233340077,0.90924671645002,0.335748646047375,0.652362118196405,0.024217809206173,0.858954848082621,0.243077153826896,0.358493370521467,0.281661414314633,0.248405359349419,0.359490763141854,0.136884071538572,0.361318769165148,0.556501111587536,0.4617676281456,0.256729078190518,0.087027598791742,0.455515905990558,0.4260126493578,0.743784516060395,0.577442844920746,0.232238805894598,0.549230238788123,0.596787027886926,0.435316178905491,0.365644887063476,0.406008964488102,0.282953386123322,0.011593285979221,0.522710604381363,0.96754643275927,0.479988775264768
0.918509316257616,0.473037306306103,0.37455582793835,0.388833753668117,0.62907891459664,0.867446187602157,0.187730296425618,0.453144239398602,0.240025755121098,0.413761113004705,0.209350245552027,0.064207678448837,0.214224273590323,0.974698899415487,0.486303382716975,0.981526122803485,0.076273529312269,0.384216392927285,0.816349266551532,0.416731525779256,0.055600214032197,0.830422483413545,0.40269818536831,0.765543966938417,0.696525371256027,0.546902797852864,0.718570390648511,0.502109197147516,0.422196761711109,0.051367609348825,0.297119174665743,0.891961950818593,0.423743228050286,0.897366814475686,0.612144378714065
0.943028025554539,0.304726235667067,0.582383997835614,0.851584490843629,0.566022596305665,0.557573048102358,0.605376320329337,0.488254470953763,0.279058955980298,0.457170607461883,0.592410817391733,0.388490290969971,0.216272529787159,0.790025234674974,0.522029859293989,0.200705168775064,0.693111298024728,0.080782187555481,0.404592586137144,0.835756330986758,0.173698700309934,0.424147934573303,0.379499836769288,0.490218002524776,0.955469642843424,0.882519850776,0.257824513703511,0.66050385953496,0.806698634858773,0.838779129240262,0.23069416672493,0.048591727760103,0.72499295735743,0.323228270700838,0.768103319445996
0.27767406780344,0.547251404543407,0.935480557436055,0.396685907464273,0.551980257192646,0.716151903115741,0.763021468240309,0.931158062403692,0.75749517174378,0.409507056351375,0.127221960164417,0.444057682249916,0.207322624484745,0.922078280110219,0.201745517968392,0.90321363597031,0.854216491333671,0.171554058980814,0.89834160444463,0.166580644292409,0.368333138373562,0.488243679391251,0.348900886488744,0.230501240072745,0.971752797821476,0.452928591626574,0.945146451765085,0.528843859156941,0.966540998768424,0.686904175122237,0.816838099526715,0.251854702074288,0.285815863376836,0.152938662587389,0.812267512582355
0.369191973400362,0.609008980912331,0.84667247470033,0.12071907776828,0.844649788918101,0.22541623037128,0.763915214191781,0.08707875624911,0.659083950547063,0.787354454532092,0.882321992268705,0.056198100837452,0.988926429228534,0.014081468333059,0.660088676162247,0.2113178354592,0.515864178364856,0.849668940247527,0.751125343465637,0.07165373797447,0.316554903859193,0.827888546590906,0.617895700006416,0.002284407031465,0.524584554565197,0.662096771443809,0.551267593737162,0.95657552667474,0.116181758895292,0.666150430330813,0.813414032627312,0.049166425670039,0.906041172765376,0.444002928950495,0.758577943019312
0.542656642318796,0.62371324154726,0.98611499173906,0.684743851995987,0.648701271444306,0.306456169993339,0.280272385900117,0.157509072168462,0.587118163792868,0.509302959659497,0.705644045465439,0.227190051507245,0.212265407353446,0.434379668019407,0.682150926561867,0.283716928202684,0.894078982388482,0.710602184794047,0.351314933400699,0.983301339227247,0.361743090027582,0.69667256936347,0.621159732943562,0.043067722584254,0.880736880750893,0.25651120470117,0.417328138150708,0.858917167649432,0.748298502639064,0.968998879017112,0.081062017829309,0.905577503928086,0.366499129206589,0.178140855776873,0.864437346619675
0.794934395642576,0.394637746816151,0.060223288704246,0.953413048437016,0.017517196445187,0.641097633523109,0.827053672238497,0.118926512621312,0.729228137129024,0.141538711512808,0.691628347131908,0.476264179502462,0.948096518628139,0.319229345109606,0.158107465835676,0.164729179878944,0.737270056229801,0.582002693203629,0.909351394399198,0.824170683472752,0.890739313146888,0.237446167488666,0.44460178559988,0.805236700574858,0.282645629353524,0.813160371010715,0.162341282969198,0.268023415695252,0.604242367376011,0.24680635462655,0.767035919136989,0.296727920617099,0.590554205924359,0.502243216052718,0.94038602223287
0.473161644087905,0.913250605580624,0.551611968729903,0.113056914122158,0.085918482519481,0.908650381892457,0.031587737362809,0.352979801290089,0.19057594366439,0.246259220508763,0.100218248976759,0.37564488548926,0.784737732900953,0.275427550974906,0.715367219344014,0.995505812840617,0.902702305761851,0.713935398890155,0.954574735037358,0.97586211336401,0.486094523694733,0.64052657957275,0.772963081769407,0.804323540081621,0.36513608257361,0.516142577241552,0.347316531155454,0.41553258563935,0.426539845060939,0.358828641750025,0.736572208887029,0.394930033613099,0.644110313385196,0.7509574059008,0.948291570156152
0.005702272310787,0.491496072670212,0.031267791614612,0.493355301827865,0.986862482670282,0.949782230304549,0.355817525329982,0.853504259880654,0.117438493935348,0.112729603132455,0.067958509071435,0.682938720710082,0.378664520858117,0.827196876712314,0.295593366500479,0.200626918266936,0.527263383448937,0.067254362280775,0.703925556322729,0.60221017380521,0.555724527212421,0.283116828792,0.391658298549949,0.748310059159731,0.634591291472534,0.726964317296632,0.124380559024277,0.468497252925026,0.476046660784527,0.890227851361564,0.460009550790914,0.228874865335773,0.638008634536658,0.599897889230402,0.355256758514692
0.696591197569288,0.330013555519973,0.463440301482709,0.501728059597219,0.787295975056876,0.839770179371038,0.585120961788455,0.211791370591453,0.281231832538272,0.034333613025172,0.163126389915923,0.330498218369063,0.024540888682058,0.641486380587373,0.914945263784195,0.293278515452018,0.820978723302386,0.280032887514724,0.370297248680268,0.920963382222642,0.86885652561374,0.308774149347122,0.587002455452661,0.383402035104098,0.975214758570661,0.874014490954943,0.1883958456223,0.251314849324582,0.814029909763663,0.288823814054393,0.486240093352972,0.298803739446248,0.241501509689699,0.755418250176959,0.913436805908008
0.715660796882179,0.466583529744014,0.075406557460229,0.419836431517121,0.123356100686655,0.756238997127933,0.384562348740908,0.601384591692045,0.405468494498748,0.761627701688047,0.454304677970344,0.784671724779062,0.428207248371942,0.778436868372599,0.46905645312405,0.322763932688361,0.221048574681774,0.521756229867743,0.27696951566104,0.458694631052907,0.865592743518153,0.437023138364098,0.39231651859123,0.102720142921905,0.590230214952148,0.737884901427283,0.934753229749147,0.528083743625083,0.606619219891932,0.625860211949212,0.77529630223127,0.508445219644867,0.48848891247442,0.916001130168126,0.347924871198697
0.86509122241166,0.82794196225297,0.586115802889368,0.050657943091423,0.370248030099185,0.868818614981881,0.023236771724019,0.199215919638653,0.805038057487044,0.466623021594987,0.789687715645252,0.186928868920849,0.273410439219351,0.415136889996786,0.35191003541734,0.56270621821221,0.773150834986962,0.868384148441935,0.353136747321426,0.032906794198721,0.006547943647051,0.626446582686041,0.243042284897558,0.907803450198806,0.122681030996945,0.94156707154302,0.503458751469114,0.274473327326783,0.974920909829469,0.180880179223015,0.037925614592902,0.810733767687101,0.751842014292965,0.579812413765792,0.187659265886335
0.403900409835465,0.805849017312094,0.445322385526574,0.253343645663442,0.455964387438068,0.217878456698778,0.92211381147424,0.695801716304184,0.148074648882998,0.486755732504196,0.444561977917082,0.293771818643733,0.01465263429014,0.281996615020005,0.597491789200396,0.105671983280005,0.903701915979184,0.556407374844031,0.75453561165496,0.170696050626971,0.432553146717089,0.242905114970172,0.413407697255116,0.037268260667473,0.916464240820653,0.151642472877596,0.665708870394658,0.739774422712274,0.454325296616702,0.45685969578452,0.199575563970332,0.441210135215886,0.493524626363459,0.064035592183599,0.792542214073221
0.023822698547821,0.023685801476228,0.533342287030369,0.556550450268677,0.348777173230935,0.514349830107135,0.077307326107089,0.113200489867697,0.941614912328789,0.693358452097583,0.248211997880246,0.395969101051284,0.497221200103731,0.731982618766048,0.809012423129182,0.719395798427239,0.546910683717856,0.471708946830032,0.641287116266962,0.277738647235537,0.281884013077322,0.130473848137122,0.597871167766637,0.735885340406414,0.22831797202193,0.534228661291628,0.295322543149742,0.73179353338921,0.65285867614315,0.144834641253809,0.700986030736865,0.817752171168813,0.605641545046392,0.621222265832111,0.668191025772009
0.236569195742969,0.126856280764985,0.813868458141909,0.804473740834308,0.922721201811063,0.531167731016425,0.514731344949041,0.030548792800135,0.306545493377138,0.473118631195003,0.238028585019065,0.688741713232806,0.725336556779966,0.897368576458007,0.860443946469142,0.18854436570953,0.621926863946095,0.72410261367375,0.119983047102123,0.663371730495859,0.843967775586706,0.736683881467819,0.986437967357599,0.707334290513455,0.238950099414108,0.530020698169585,0.81625719175112,0.795803999715009,0.481309968929769,0.745429482847275,0.565804813024904,0.560991840934595,0.538667460545486,0.579683346060754,0.587639637006206
0.29037649089027,0.204101052834966,0.558628743348298,0.596080280061816,0.574866228400394,0.478916187787882,0.114940395114054,0.29867363228055,0.263134515714571,0.082369990712753,0.478872796532392,0.895084317202644,0.364750022333362,0.141928172395637,0.427136161837755,0.190043296021867,0.847383373838948,0.556350763788216,0.11029913973263,0.264057505023525,0.297121267063533,0.756535153649043,0.856226331847771,0.837477872236219,0.685829100741878,0.485142195826306,0.418605260508097,0.240861465014847,0.967235981965263,0.028987562375241,0.184515178607667,0.393077490940271,0.51446565551895,0.737154235505694,0.621227142569601
0.479550076816508,0.764927629042679,0.343900677622899,0.050735265449695,0.823696613762833,0.777925416379255,0.281699226469143,0.650255869283445,0.028259884577414,0.333162969518307,0.225697183593799,0.19927407070141,0.175004402466511,0.513233431833734,0.773867828043918,0.344373141162563,0.958197585803623,0.651045041424056,0.995225090696329,0.046651654003709,0.058020628370329,0.665848860174608,0.131881142804256,0.342327944537242,0.786482838132613,0.069893489746113,0.099055088533988,0.132699356438486,0.284504626101671,0.791454767376694,0.049070905309807,0.139066712991659,0.975286331700414,0.145128283992674,0.353152917190228
0.523385535506938,0.127873515498451,0.58069042827909,0.124184387496298,0.536719856775627,0.352820621157797,0.484105949179887,0.380343187373074,0.691906472673384,0.126380189484101,0.417045246827696,0.171950100448555,0.382233875719709,0.257696064902286,0.262673763453957,0.466530612628701,0.135206408469705,0.035753074725712,0.298823179696934,0.570057183314128,0.423824879892443,0.128322199778852,0.032945693579476,0.419466054733039,0.991260867846173,0.778109402203314,0.663247997213588,0.031297936328943,0.194670434576077,0.099892247682823,0.505016742123138,0.416260907734197,0.272679073659859,0.760633076782969,0.678769141528136
0.639173782699075,0.870936201122194,0.043397958736089,0.008612780969213,0.021469914792332,0.505330784429541,0.439123268231749,0.852280180313416,0.74771473714402,0.070651500440146,0.18191363114316,0.815324557673511,0.331642570568449,0.289544154752924,0.95155656867949,0.390680047541121,0.262778683930184,0.665793879904272,0.932502706998526,0.800160119523524,0.066054815768063,0.797952848607109,0.083961716587444,0.502674330705392,0.212889587700476,0.656232670752582,0.765269984750892,0.990198424801459,0.378200251494307,0.352587201221212,0.992095347672932,0.573569006297214,0.959877893586343,0.04097348841736,0.483026924083663
0.55025151097502,0.028318940828604,0.252109542882975,0.088932099701617,0.242390823815619,0.267149039955926,0.955096932177637,0.815373142819905,0.574980913614495,0.243122593599407,0.054728812683532,0.65846119978213,0.545046126317375,0.996835076985875,0.567679578871011,0.540676240718151,0.307901534395104,0.537157217407019,0.602671273328932,0.791951628351645,0.521371352715482,0.187152740155634,0.487308770390134,0.625649222473252,0.769848563066704,0.370818782118701,0.315896517548477,0.082226055482493,0.726336505046637,0.316030484012664,0.01505622182773,0.178793879940857,0.302448988747646,0.568440636840029,0.4030174531582
0.150716549686302,0.991036313945329,0.22971960325136,0.706173137570297,0.289458390372747,0.653840932249216,0.652231268246244,0.62328532855371,0.849237941040818,0.08576450713034,0.929560038702338,0.36894583210779,0.148264288340717,0.988839910463714,0.669531855862983,0.73014423814761,0.74323472635708,0.234744456243514,0.976037980812046,0.986294503241516,0.928033140428282,0.266685983655871,0.531924821153935,0.252937618859198,0.635584090200602,0.432473625877985,0.041994775879788,0.952316385920935,0.23347537649823,0.931930634076243,0.199643689604828,0.770653323637524,0.988874977035847,0.193366104457539,0.241200282215488
0.664756229306983,0.613120528564456,0.378187726218702,0.664128779539992,0.760695579600104,0.351676571071863,0.981368168216708,0.842668769127774,0.98500200048843,0.536498429153203,0.141557612646348,0.550545518450635,0.353144648024031,0.552034068973206,0.078817075201696,0.116275698953495,0.729022712830023,0.753926418392918,0.167662963375252,0.161039820693799,0.063696205768206,0.004508627594148,0.072642762888512,0.504979135832308,0.209052484761167,0.535025707694834,0.577731472943213,0.157379209771502,0.433998248783381,0.068281736106817,0.344281518683552,0.575865681392068,0.135923164179963,0.336800651755082,0.077278876745798
0.489100166396443,0.288631445346256,0.960579328057619,0.854755486008517,0.165452144793677,0.796976187300274,0.435379485645004,0.552374496787119,0.462463387705516,0.366584872011846,0.089249569602807,0.938005925855664,0.940022276891185,0.795003764991572,0.926780368411034,0.442607272609828,0.802907669142935,0.602704987772723,0.272513077375359,0.514657887385581,0.512831710981563,0.289846986295761,0.821261021789935,0.592985747119591,0.470496568188157,0.051255105989319,0.625911745996957,0.363330203070867,0.213945268843837,0.242453428770101,0.792484908106319,0.638234616366415,0.160053365966771,0.633248374950369,0.46520529761071
0.621053974107735,0.434557188135201,0.155705415706541,0.211210381298288,0.755544268768609,0.270891873970112,0.284575571160379,0.497206831171742,0.993424530547535,0.763766574071168,0.018005966909243,0.962288273006226,0.194738763094578,0.170903193230061,0.473941955096885,0.950212868285602,0.820261855826923,0.573981710196388,0.730889878863311,0.37245522963367,0.433514103279901,0.776027692844522,0.619043369892208,0.085648852916958,0.427632980318804,0.467222122200232,0.91346745763665,0.511609541552511,0.804231862722878,0.774814216542026,0.404408912318463,0.021913222112656,0.679998175288826,0.637264424674924,0.458765757469976
0.596055730871061,0.055890654464412,0.734603719297665,0.032771137867706,0.814217032676318,0.525528999528359,0.672553303545631,0.843835891602556,0.328952194388584,0.687302587616285,0.711882849451115,0.429471041864946,0.025278472112911,0.833775285999021,0.018052352026728,0.639740228971772,0.009598943353108,0.558860428887626,0.401952300124177,0.557212331138099,0.536399929226373,0.53045048110579,0.936436071797869,0.549018674177045,0.183494175799452,0.895009534273333,0.90014292124019,0.241372566659698,0.037574878346048,0.984016632523876,0.893630320747762,0.720827094222683,0.059025294750106,0.903612599962555,0.534288163365463
0.487332650896825,0.129758143014793,0.948819070072923,0.318888178497211,0.377782393254431,0.395757500517606,0.455089663916699,0.848660717014034,0.726168836713198,0.37546032339936,0.499833003109742,0.485497940433424,0.421046923540807,0.397809038447103,0.217601185676004,0.890162009646585,0.739412959957573,0.978367046965814,0.120199403777482,0.435067507832017,0.499198873645241,0.949308437435451,0.879462542297248,0.356674093216782,0.708979825818534,0.229575358885137,0.235690180485368,0.694368132327806,0.302521716078873,0.190434908094898,0.738769393969736,0.626544217175558,0.124951287030719,0.46440078536872,0.163499075154478
0.471008323005646,0.948320746468371,0.570524509901796,0.055940251507916,0.496636401745618,0.928368852154475,0.537958248183097,0.840543715304907,0.61277711303432,0.863019694908083,0.278265240646549,0.296564964262328,0.181706211339429,0.792758423639002,0.288989582739615,0.617864566993933,0.493106428177692,0.579956874047153,0.257042400044197,0.635095739700228,0.548279055917237,0.964802934918362,0.895207458056941,0.142669092306675,0.4421462397596,0.500337447297839,0.876539663593491,0.045868513365622,0.019899568418439,0.140353103941123,0.784280791357435,0.691697897466029,0.399565433736626,0.722443592492414,0.880069737112989
0.724505045217147,0.651494739157986,0.70664534020134,0.565274699334869,0.290114253688149,0.377014076101537,0.055418029087447,0.037278129445895,0.137695167123924,0.025201572536267,0.087593292535062,0.746316407667706,0.455276427092437,0.280550458915618,0.747158101691677,0.800696280814394,0.730034324260334,0.586236125176759,0.235486398988729,0.815428508526462,0.107034658480091,0.671654505368157,0.568841869318395,0.646455309348811,0.468914264500067,0.99872904485345,0.713692693005894,0.074163520388896,0.23961810837583,0.603290024645158,0.454208170938352,0.377876706749609,0.656464621648943,0.708389500055928,0.834477643712424
0.884987267956284,0.520684014664512,0.616056861080364,0.881688437746564,0.986437230486069,0.872465301316971,0.269421829465013,0.261835748514985,0.59383509698294,0.262778533419297,0.689483667561284,0.192609313701397,0.579080218129263,0.895639545069986,0.848083575145149,0.311725330731914,0.437213796899653,0.11819382357748,0.167831506937016,0.080237081778522,0.642900827453386,0.474271965565282,0.446783549677713,0.306145040673447,0.345114319870073,0.0316568997865,0.351692652573019,0.353472912411672,0.155555973111134,0.45907163549038,0.23685330372166,0.11104967629511,0.017551112718332,0.979983493518209,0.766789786261414
0.943605874883071,0.265964192043985,0.253425281921185,0.479543917511846,0.374222906730432,0.0627769926515,0.927247523352317,0.148447679049912,0.282788686371607,0.164012045564639,0.996847137909511,0.671393441928132,0.100791011973729,0.227095571949599,0.859478975553227,0.882395281960554,0.172799004470005,0.544582930541832,0.088808588642606,0.05955683122844,0.130367254190873,0.039106900975938,0.467998908602144,0.33367829024573,0.127654641747384,0.29095429824159,0.629699411300948,0.806517586397902,0.69197620973676,0.830947211734075,0.791815926136227,0.526065851600271,0.788546588660237,0.89139066310758,0.790573555220013
0.547034139486523,0.59636934930626,0.078976580390998,0.658034817064502,0.235825949957702,0.605802942077173,0.866260644200747,0.761830379176714,0.374624165866896,0.420330721024556,0.579267557462757,0.202568608701592,0.639174231882895,0.605687907605788,0.860413817424848,0.412470841100825,0.373622895851548,0.273230344324388,0.377861436207885,0.463825458526075,0.145612965392729,0.284191377265112,0.409998036656137,0.870567829952719,0.910043330200383,0.257075708599453,0.045911527715721,0.6116882966141,0.941374380495704,0.935951369010343,0.64911300609372,0.429532959955976,0.558459476469048,0.808650950457845,0.236758523888808
0.118419620927704,0.679790195739366,0.445249249043981,0.533263597937698,0.167092939369708,0.254034646428527,0.691300811630016,0.111353326658033,0.94869249341298,0.510079298375843,0.181691637501374,0.690730590171961,0.554180335268488,0.193097359722624,0.972755459006507,0.153595208299529,0.411437463875096,0.300362120836563,0.896276766679116,0.549649827605087,0.296249156257242,0.877854186856483,0.071836474981919,0.9908324097773,0.474194441329866,0.621764184591176,0.774173719508691,0.04228827154188,0.325233676618763,0.128376701911048,0.904194466121182,0.286494637119239,0.788184328625335,0.211314718693649,0.869710614502083
0.483645147810642,0.33829821217126,0.628525179553772,0.320812405356935,0.591951224859152,0.24731724147597,0.72604079455202,0.057844960696914,0.319873877106412,0.346490021187019,0.230463517168302,0.170930867602527,0.944625091328383,0.612222427418327,0.575176389602214,0.189057435852738,0.202070712462571,0.149822913060224,0.235154961554617,0.972454951808443,0.043749254823646,0.661868550161636,0.717349994328639,0.082910998062646,0.087066905191865,0.514013955070652,0.107934235183239,0.967681223597589,0.154045454757292,0.768177006346731,0.172343501768198,0.362881923507669,0.973734476641791,0.226342882047865,0.615527688161877
0.163213923280543,0.232178069383719,0.846822916595905,0.572000308111648,0.460910368580729,0.953170040409629,0.247845070168128,0.210709757989529,0.247287492713345,0.560665386207621,0.546696804919967,0.097753769394514,0.756248531434835,0.695864367171128,0.002482719539666,0.040690538937587,0.317247903535592,0.451379228305965,0.366609706918035,0.37586983171829,0.925207054331456,0.670494848012038,0.434802233096274,0.610780496633353,0.721302145447052,0.67664431894428,0.029028066258632,0.162240372040079,0.968429918717235,0.870045042885259,0.026894614332232,0.123745822413473,0.004972049522653,0.701612058057514,0.333465852049287
0.452590391879222,0.727618838023183,0.921441361447352,0.837112962648614,0.651322389491769,0.328404068819109,0.692990859974049,0.125714852369335,0.468328268812258,0.592728189703635,0.306355617693971,0.798836547900128,0.780566877501672,0.202638409632184,0.527559230984817,0.588237468538437,0.457028335840943,0.21325198847266,0.269944184697138,0.744584485224803,0.41863227478316,0.611691991500662,0.37829096833058,0.486037981202331,0.510035041334874,0.860553682897535,0.121155339155665,0.521321564719541,0.695696122038121,0.592714386533512,0.53521029226403,0.150081026236794,0.508927335963256,0.826485212242535,0.66485708068308
0.323286564399565,0.656197087038984,0.292263032872009,0.693638257585915,0.228515992215613,0.922853698771498,0.722553104681277,0.996484892959332,0.181329089818502,0.520311873492292,0.852900183852151,0.332205477729777,0.196515256626459,0.664225013318868,0.411530025308857,0.568385335497296,0.906600175506361,0.653726943377081,0.963152993194234,0.480223771551407,0.260092305133166,0.720838842535353,0.771833145255013,0.659198539457987,0.606517823592997,0.349568338033376,0.112161425150544,0.724186723833266,0.244981445462694,0.577924512540209,0.774167323721938,0.620901783298126,0.739798869824762,0.280732827657309,0.446776493411599
0.628199881410792,0.188468963883062,0.826305882429004,0.919962186535552,0.393737388344314,0.911556331319098,0.635315209157968,0.269907276420622,0.863138667020632,0.846140028677254,0.65811536155511,0.820610847642486,0.569071540644758,0.506663812320644,0.372812236924333,0.551240453053339,0.085092269737695,0.436201672464822,0.097178289932679,0.474344846781933,0.437532166304692,0.248704173376541,0.143377593435185,0.942141188910025,0.893833940040905,0.823125632930887,0.289726737787633,0.538334539718363,0.646316406881556,0.91356038742076,0.44799449350748,0.707694696443229,0.268612493755507,0.972883570231707,0.052448260362174
0.651284604349497,0.269031105850481,0.029708117270857,0.696254279871033,0.001164326531183,0.881193756565992,0.379848628445098,0.964077828795785,0.81016436807565,0.033612902923302,0.578337022641013,0.082087598285444,0.841737391824373,0.146966650753212,0.526548280746079,0.318501447609672,0.111705832364333,0.433802482980352,0.578824519372974,0.005928804547591,0.113041387330187,0.762120556948853,0.549409120092786,0.652684333533713,0.067927222333023,0.845300028478217,0.148308875869673,0.126471039139821,0.27160711028322,0.129320560443058,0.342225846422928,0.392987245720526,0.070184874111528,0.838726005222442,0.769214341711621
0.495158674518482,0.119068480853394,0.241521625626476,0.542043461971929,0.489978090412056,0.781918094312442,0.686261021708372,0.882319460226213,0.635313529600927,0.322590018990091,0.40959368222958,0.082004227635041,0.162765353284659,0.90916322117777,0.439615350121086,0.250028356386134,0.572121377359166,0.834232921663852,0.965941216004364,0.486222747947869,0.601582693149738,0.455723358498105,0.311360746600736,0.485322015177804,0.789218743950613,0.95178432594422,0.278070956278009,0.664920435575791,0.217739692603613,0.161365507961273,0.068342247240299,0.959747049277524,0.499901784866768,0.783004965229098,0.652220025895011
0.105963073020049,0.468390373466411,0.725285694532063,0.042049522428741,0.074588648534731,0.535208854182836,0.526416769724951,0.467648650012865,0.247418994868176,0.984816078323495,0.34416358479999,0.222398670279666,0.088738842703909,0.322503794721601,0.05967056586446,0.825404351456665,0.163616465655294,0.076308446240999,0.518741989261382,0.034399128924564,0.061317133452517,0.347077887863119,0.754170157288845,0.400583063518625,0.042387683609312,0.977905194411404,0.738813403524241,0.450349849522688,0.527160624356991,0.625091544322864,0.157292457040079,0.725728996997164,0.565047871679252,0.359418107339368,0.136741267398326
0.816688209927141,0.276880135547902,0.619051234208156,0.31319257171024,0.008919749537135,0.254527127902729,0.562710495823113,0.872437295708889,0.399788986375387,0.445436176222338,0.626810531126418,0.063932988685628,0.632889230066595,0.408486318903176,0.467262233268881,0.19710277340354,0.100482498076574,0.091711936712451,0.752300217438254,0.011722266572493,0.910581329915812,0.938796139668039,0.248390837260422,0.436700998667063,0.644409537764876,0.471161252908109,0.065561879046856,0.130724461977766,0.774905336333044,0.506328252030283,0.895397496504997,0.464785244985825,0.760753756235034,0.663432129755662,0.171476583268418
0.556877207322544,0.191453138743711,0.363512955961372,0.20483183915161,0.909898949475603,0.683677840018255,0.973942696300054,0.102947365221266,0.036976976185524,0.734265166614217,0.998489950200026,0.719487067823121,0.19867186323135,0.758991096354989,0.313108223305454,0.631108244383618,0.749282821627285,0.344519472248537,0.767465477507859,0.342298515206713,0.325409505325614,0.441552171685305,0.48531441724216,0.819125505632831,0.271795338075942,0.907591409726253,0.244694175138395,0.242472100338296,0.111537331917039,0.655828866274166,0.543731855115413,0.10778413523027,0.966508031036999,0.595130555443741,0.514654221827664
